resume,role
"Skilled in visual design, user research, adobe xd, ui ux, typography, figma. Experience with visual design, user research and practical project work. Seeking opportunities as a UI/UX Designer.",UI/UX Designer
"Skilled in frontend development, javascript, html, css, responsive design, react, bootstrap. Experience with frontend development, javascript and practical project work. Seeking opportunities as a Web Developer.",Web Developer
"Hands-on projects using mysql, database administration, backup, sql, indexing, query optimization. Comfortable with mysql, database administration. Strong problem solving and analytical skills.",Database Administrator
"Hands-on projects using model evaluation, deep learning, computer vision, tensorflow, python, keras, neural networks. Comfortable with model evaluation, deep learning. Strong problem solving and analytical skills.",Machine Learning Engineer
"Technical profile covering object oriented programming, data structures, python, algorithms, java, git. Worked on academic and personal projects involving object oriented programming, data structures. Target role: Software Developer.",Software Developer
"Hands-on projects using deep learning, python, neural networks, model evaluation, tensorflow, keras, computer vision. Comfortable with deep learning, python. Strong problem solving and analytical skills.",Machine Learning Engineer
"Skilled in sql, requirements gathering, power bi, excel, stakeholder management, business analysis, documentation. Experience with sql, requirements gathering and practical project work. Seeking opportunities as a Business Analyst.",Business Analyst
"Technical profile covering rest api, backend development, python, django, flask, postgresql. Worked on academic and personal projects involving rest api, backend development. Target role: Backend Developer.",Backend Developer
"Skilled in business analysis, excel, sql, stakeholder management, requirements gathering, documentation, power bi. Experience with business analysis, excel and practical project work. Seeking opportunities as a Business Analyst.",Business Analyst
"Skilled in vulnerability assessment, penetration testing, wireshark, security, linux, cybersecurity. Experience with vulnerability assessment, penetration testing and practical project work. Seeking opportunities as a Cybersecurity Analyst.",Cybersecurity Analyst
"Computer science professional with experience in recovery, oracle, sql, database security, mysql, backup, database administration. Strong in recovery, oracle. Interested in Database Administrator.",Database Administrator
"Skilled in cloud architecture, docker, cloud networking, virtual machines, azure. Experience with cloud architecture, docker and practical project work. Seeking opportunities as a Cloud Engineer.",Cloud Engineer
"Technical profile covering java, git, software engineering, unit testing, debugging, c++. Worked on academic and personal projects involving java, git. Target role: Software Developer.",Software Developer
"Hands-on projects using siem, ethical hacking, linux, cybersecurity, incident response, network security, firewall. Comfortable with siem, ethical hacking. Strong problem solving and analytical skills.",Cybersecurity Analyst
"Skilled in pytorch, nlp, tensorflow, artificial intelligence, computer vision, python, deep learning. Experience with pytorch, nlp and practical project work. Seeking opportunities as a AI Engineer.",AI Engineer
"Hands-on projects using siem, linux, cybersecurity, incident response, network security, firewall, ethical hacking. Comfortable with siem, linux. Strong problem solving and analytical skills.",Cybersecurity Analyst
"Hands-on projects using rest api, web development, react, css, javascript, node.js, html. Comfortable with rest api, web development. Strong problem solving and analytical skills.",Web Developer
"Skilled in wireframing, figma, adobe xd, prototyping, user research, ui design, ux design. Experience with wireframing, figma and practical project work. Seeking opportunities as a UI/UX Designer.",UI/UX Designer
"Technical profile covering docker, cloud networking, cloud architecture, azure, virtual machines. Worked on academic and personal projects involving docker, cloud networking. Target role: Cloud Engineer.",Cloud Engineer
"Computer science professional with experience in rest api, javascript, backend development, node.js, mongodb, express. Strong in rest api, javascript. Interested in Backend Developer.",Backend Developer
"Technical profile covering power bi, documentation, requirements gathering, data analysis, stakeholders, business analyst. Worked on academic and personal projects involving power bi, documentation. Target role: Business Analyst.",Business Analyst
"Computer science professional with experience in backend development, mysql, hibernate, rest api, api development, java, spring boot. Strong in backend development, mysql. Interested in Backend Developer.",Backend Developer
"Technical profile covering prototypes, figma, user experience, wireframes, design systems, usability testing. Worked on academic and personal projects involving prototypes, figma. Target role: UI/UX Designer.",UI/UX Designer
"Computer science professional with experience in database administration, database security, sql, oracle, recovery, backup, mysql. Strong in database administration, database security. Interested in Database Administrator.",Database Administrator
"Skilled in data analysis, seaborn, statistics, sql, matplotlib, reporting, python. Experience with data analysis, seaborn and practical project work. Seeking opportunities as a Data Analyst.",Data Analyst
"Technical profile covering incident response, cybersecurity, firewall, linux, ethical hacking, siem, network security. Worked on academic and personal projects involving incident response, cybersecurity. Target role: Cybersecurity Analyst.",Cybersecurity Analyst
"Computer science professional with experience in ux design, user research, ui design, figma, wireframing, prototyping, adobe xd. Strong in ux design, user research. Interested in UI/UX Designer.",UI/UX Designer
"Technical profile covering prototypes, design systems, user experience, usability testing, wireframes, figma. Worked on academic and personal projects involving prototypes, design systems. Target role: UI/UX Designer.",UI/UX Designer
"Skilled in aws, terraform, linux, cloud computing, ec2, vpc, s3. Experience with aws, terraform and practical project work. Seeking opportunities as a Cloud Engineer.",Cloud Engineer
"Computer science professional with experience in statistics, excel, data analysis, pandas, data visualization, numpy, python, sql. Strong in statistics, excel. Interested in Data Analyst.",Data Analyst
"Computer science professional with experience in frontend, react, javascript, web development, html, css, typescript. Strong in frontend, react. Interested in Web Developer.",Web Developer
"Computer science professional with experience in react, frontend development, responsive design, bootstrap, html, css, javascript. Strong in react, frontend development. Interested in Web Developer.",Web Developer
"Technical profile covering terraform, linux, docker, ci/cd, cloud, jenkins, ansible. Worked on academic and personal projects involving terraform, linux. Target role: DevOps Engineer.",DevOps Engineer
"Computer science professional with experience in sql, database administration, recovery, database security, mysql, backup, oracle. Strong in sql, database administration. Interested in Database Administrator.",Database Administrator
"Computer science professional with experience in mysql, sql, backup, indexing, query optimization, database administration. Strong in mysql, sql. Interested in Database Administrator.",Database Administrator
"Computer science professional with experience in css, javascript, rest api, html, web development, react, node.js. Strong in css, javascript. Interested in Web Developer.",Web Developer
"Computer science professional with experience in nlp, python, ai, pytorch, neural networks, machine learning. Strong in nlp, python. Interested in AI Engineer.",AI Engineer
"Hands-on projects using rest api, node.js, javascript, mongodb, express, backend development. Comfortable with rest api, node.js. Strong problem solving and analytical skills.",Backend Developer
"Hands-on projects using reporting, requirements analysis, business intelligence, process mapping, sql, excel. Comfortable with reporting, requirements analysis. Strong problem solving and analytical skills.",Business Analyst
"Computer science professional with experience in siem, incident response, network security, linux, cybersecurity, ethical hacking, firewall. Strong in siem, incident response. Interested in Cybersecurity Analyst.",Cybersecurity Analyst
"Skilled in linux, docker, terraform, ansible, ci/cd, cloud, jenkins. Experience with linux, docker and practical project work. Seeking opportunities as a DevOps Engineer.",DevOps Engineer
"Skilled in bootstrap, responsive design, react, css, frontend development, html, javascript. Experience with bootstrap, responsive design and practical project work. Seeking opportunities as a Web Developer.",Web Developer
"Technical profile covering design systems, usability testing, prototypes, wireframes, user experience, figma. Worked on academic and personal projects involving design systems, usability testing. Target role: UI/UX Designer.",UI/UX Designer
"Technical profile covering cloud architecture, networking, cloud computing, linux, terraform, aws, azure. Worked on academic and personal projects involving cloud architecture, networking. Target role: Cloud Engineer.",Cloud Engineer
"Computer science professional with experience in computer vision, tensorflow, artificial intelligence, deep learning, nlp, python, pytorch. Strong in computer vision, tensorflow. Interested in AI Engineer.",AI Engineer
"Hands-on projects using debugging, c++, unit testing, software engineering, java, git. Comfortable with debugging, c++. Strong problem solving and analytical skills.",Software Developer
"Computer science professional with experience in prototyping, adobe xd, user research, ui design, ux design, figma, wireframing. Strong in prototyping, adobe xd. Interested in UI/UX Designer.",UI/UX Designer
"Computer science professional with experience in kubernetes, jenkins, aws, linux, terraform, docker, ci/cd. Strong in kubernetes, jenkins. Interested in DevOps Engineer.",DevOps Engineer
"Computer science professional with experience in database administration, query optimization, backup, sql, mysql, indexing. Strong in database administration, query optimization. Interested in Database Administrator.",Database Administrator
"Computer science professional with experience in neural networks, computer vision, deep learning, python, keras, model evaluation, tensorflow. Strong in neural networks, computer vision. Interested in Machine Learning Engineer.",Machine Learning Engineer
"Computer science professional with experience in python, model evaluation, computer vision, tensorflow, neural networks, keras, deep learning. Strong in python, model evaluation. Interested in Machine Learning Engineer.",Machine Learning Engineer
"Technical profile covering mysql, backend development, hibernate, java, rest api, spring boot, api development. Worked on academic and personal projects involving mysql, backend development. Target role: Backend Developer.",Backend Developer
"Hands-on projects using cloud computing, cloud architecture, azure, linux, aws, networking, terraform. Comfortable with cloud computing, cloud architecture. Strong problem solving and analytical skills.",Cloud Engineer
"Hands-on projects using object oriented programming, git, java, data structures, python, algorithms. Comfortable with object oriented programming, git. Strong problem solving and analytical skills.",Software Developer
"Skilled in unit testing, git, c++, debugging, software engineering, java. Experience with unit testing, git and practical project work. Seeking opportunities as a Software Developer.",Software Developer
"Skilled in hibernate, rest api, spring boot, api development, backend development, mysql, java. Experience with hibernate, rest api and practical project work. Seeking opportunities as a Backend Developer.",Backend Developer
"Computer science professional with experience in seaborn, reporting, sql, matplotlib, python, data analysis, statistics. Strong in seaborn, reporting. Interested in Data Analyst.",Data Analyst
"Computer science professional with experience in incident response, ethical hacking, siem, network security, firewall, linux, cybersecurity. Strong in incident response, ethical hacking. Interested in Cybersecurity Analyst.",Cybersecurity Analyst
"Technical profile covering python, algorithms, git, object oriented programming, data structures, java. Worked on academic and personal projects involving python, algorithms. Target role: Software Developer.",Software Developer
"Hands-on projects using pytorch, deep learning, nlp, python, generative ai, transformers. Comfortable with pytorch, deep learning. Strong problem solving and analytical skills.",AI Engineer
"Skilled in html, css, react, frontend, javascript, typescript, web development. Experience with html, css and practical project work. Seeking opportunities as a Web Developer.",Web Developer
"Hands-on projects using data visualization, sql, excel, numpy, data analysis, statistics, pandas, python. Comfortable with data visualization, sql. Strong problem solving and analytical skills.",Data Analyst
"Technical profile covering oracle, sql, database administration, database security, mysql, backup, recovery. Worked on academic and personal projects involving oracle, sql. Target role: Database Administrator.",Database Administrator
"Computer science professional with experience in git, python, object oriented programming, algorithms, java, data structures. Strong in git, python. Interested in Software Developer.",Software Developer
"Technical profile covering node.js, html, web development, react, rest api, javascript, css. Worked on academic and personal projects involving node.js, html. Target role: Web Developer.",Web Developer
"Technical profile covering stakeholder management, excel, requirements gathering, business analysis, documentation, power bi, sql. Worked on academic and personal projects involving stakeholder management, excel. Target role: Business Analyst.",Business Analyst
"Computer science professional with experience in cloud architecture, aws, linux, cloud computing, terraform, azure, networking. Strong in cloud architecture, aws. Interested in Cloud Engineer.",Cloud Engineer
"Hands-on projects using machine learning, numpy, regression, model training, pandas, scikit-learn, classification, python. Comfortable with machine learning, numpy. Strong problem solving and analytical skills.",Machine Learning Engineer
"Skilled in machine learning, neural networks, ai, pytorch, nlp, python. Experience with machine learning, neural networks and practical project work. Seeking opportunities as a AI Engineer.",AI Engineer
"Hands-on projects using docker, virtual machines, azure, cloud architecture, cloud networking. Comfortable with docker, virtual machines. Strong problem solving and analytical skills.",Cloud Engineer
"Hands-on projects using nlp, python, artificial intelligence, pytorch, computer vision, deep learning, tensorflow. Comfortable with nlp, python. Strong problem solving and analytical skills.",AI Engineer
"Computer science professional with experience in threat detection, siem, incident response, cryptography, network security, security. Strong in threat detection, siem. Interested in Cybersecurity Analyst.",Cybersecurity Analyst
"Technical profile covering linux, azure, kubernetes, docker, devops, github actions, aws. Worked on academic and personal projects involving linux, azure. Target role: DevOps Engineer.",DevOps Engineer
"Computer science professional with experience in docker, kubernetes, devops, aws, linux, github actions, azure. Strong in docker, kubernetes. Interested in DevOps Engineer.",DevOps Engineer
"Skilled in machine learning, regression, model training, classification, python, pandas, numpy, scikit-learn. Experience with machine learning, regression and practical project work. Seeking opportunities as a Machine Learning Engineer.",Machine Learning Engineer
"Technical profile covering user research, prototyping, ui design, adobe xd, ux design, wireframing, figma. Worked on academic and personal projects involving user research, prototyping. Target role: UI/UX Designer.",UI/UX Designer
"Computer science professional with experience in python, django, backend development, postgresql, rest api, flask. Strong in python, django. Interested in Backend Developer.",Backend Developer
"Hands-on projects using java, mysql, backend development, hibernate, spring boot, rest api, api development. Comfortable with java, mysql. Strong problem solving and analytical skills.",Backend Developer
"Hands-on projects using azure, github actions, docker, linux, kubernetes, aws, devops. Comfortable with azure, github actions. Strong problem solving and analytical skills.",DevOps Engineer
"Technical profile covering backend development, rest api, java, api development, hibernate, spring boot, mysql. Worked on academic and personal projects involving backend development, rest api. Target role: Backend Developer.",Backend Developer
"Technical profile covering java, object oriented programming, python, git, data structures, algorithms. Worked on academic and personal projects involving java, object oriented programming. Target role: Software Developer.",Software Developer
"Technical profile covering azure, cloud networking, docker, cloud architecture, virtual machines. Worked on academic and personal projects involving azure, cloud networking. Target role: Cloud Engineer.",Cloud Engineer
"Skilled in postgresql, database management, sql, performance tuning, replication, backup. Experience with postgresql, database management and practical project work. Seeking opportunities as a Database Administrator.",Database Administrator
"Technical profile covering backend development, express, rest api, javascript, node.js, mongodb. Worked on academic and personal projects involving backend development, express. Target role: Backend Developer.",Backend Developer
"Skilled in model training, regression, scikit-learn, machine learning, python, classification, numpy, pandas. Experience with model training, regression and practical project work. Seeking opportunities as a Machine Learning Engineer.",Machine Learning Engineer
"Hands-on projects using network security, incident response, cybersecurity, linux, firewall, ethical hacking, siem. Comfortable with network security, incident response. Strong problem solving and analytical skills.",Cybersecurity Analyst
"Computer science professional with experience in figma, user experience, usability testing, wireframes, design systems, prototypes. Strong in figma, user experience. Interested in UI/UX Designer.",UI/UX Designer
"Skilled in artificial intelligence, tensorflow, nlp, deep learning, computer vision, pytorch, python. Experience with artificial intelligence, tensorflow and practical project work. Seeking opportunities as a AI Engineer.",AI Engineer
"Skilled in machine learning, feature engineering, nlp, pytorch, python, scikit-learn, data preprocessing. Experience with machine learning, feature engineering and practical project work. Seeking opportunities as a Machine Learning Engineer.",Machine Learning Engineer
"Computer science professional with experience in spring boot, java, mysql, api development, hibernate, rest api, backend development. Strong in spring boot, java. Interested in Backend Developer.",Backend Developer
"Skilled in database administration, backup, sql, indexing, query optimization, mysql. Experience with database administration, backup and practical project work. Seeking opportunities as a Database Administrator.",Database Administrator
"Skilled in java, algorithms, data structures, python, git, object oriented programming. Experience with java, algorithms and practical project work. Seeking opportunities as a Software Developer.",Software Developer
"Technical profile covering oop, data structures, algorithms, java, software development, c++, git. Worked on academic and personal projects involving oop, data structures. Target role: Software Developer.",Software Developer
"Computer science professional with experience in database administration, backup, mysql, indexing, query optimization, sql. Strong in database administration, backup. Interested in Database Administrator.",Database Administrator
"Hands-on projects using penetration testing, linux, cybersecurity, security, vulnerability assessment, wireshark. Comfortable with penetration testing, linux. Strong problem solving and analytical skills.",Cybersecurity Analyst
"Hands-on projects using documentation, stakeholder management, excel, business analysis, requirements gathering, power bi, sql. Comfortable with documentation, stakeholder management. Strong problem solving and analytical skills.",Business Analyst
"Skilled in express, javascript, backend development, rest api, mongodb, node.js. Experience with express, javascript and practical project work. Seeking opportunities as a Backend Developer.",Backend Developer
"Computer science professional with experience in data analysis, sql, seaborn, matplotlib, reporting, python, statistics. Strong in data analysis, sql. Interested in Data Analyst.",Data Analyst
"Hands-on projects using dashboards, sql, tableau, power bi, excel, statistics, data cleaning. Comfortable with dashboards, sql. Strong problem solving and analytical skills.",Data Analyst
"Technical profile covering database management, postgresql, sql, backup, performance tuning, replication. Worked on academic and personal projects involving database management, postgresql. Target role: Database Administrator.",Database Administrator
"Technical profile covering cybersecurity, linux, incident response, firewall, network security, siem, ethical hacking. Worked on academic and personal projects involving cybersecurity, linux. Target role: Cybersecurity Analyst.",Cybersecurity Analyst
"Hands-on projects using java, data structures, python, object oriented programming, git, algorithms. Comfortable with java, data structures. Strong problem solving and analytical skills.",Software Developer
"Hands-on projects using sql, postgresql, backup, performance tuning, replication, database management. Comfortable with sql, postgresql. Strong problem solving and analytical skills.",Database Administrator
"Hands-on projects using reporting, matplotlib, sql, statistics, python, data analysis, seaborn. Comfortable with reporting, matplotlib. Strong problem solving and analytical skills.",Data Analyst
"Computer science professional with experience in html, react, web development, javascript, css, node.js, rest api. Strong in html, react. Interested in Web Developer.",Web Developer
"Hands-on projects using rest api, web development, react, node.js, css, html, javascript. Comfortable with rest api, web development. Strong problem solving and analytical skills.",Web Developer
"Technical profile covering javascript, react, frontend, web development, html, typescript, css. Worked on academic and personal projects involving javascript, react. Target role: Web Developer.",Web Developer
"Computer science professional with experience in security, network security, cryptography, incident response, threat detection, siem. Strong in security, network security. Interested in Cybersecurity Analyst.",Cybersecurity Analyst
"Hands-on projects using pytorch, python, neural networks, machine learning, ai, nlp. Comfortable with pytorch, python. Strong problem solving and analytical skills.",AI Engineer
"Skilled in security, siem, incident response, network security, threat detection, cryptography. Experience with security, siem and practical project work. Seeking opportunities as a Cybersecurity Analyst.",Cybersecurity Analyst
"Hands-on projects using tableau, data cleaning, dashboards, sql, power bi, excel, statistics. Comfortable with tableau, data cleaning. Strong problem solving and analytical skills.",Data Analyst
"Computer science professional with experience in html, frontend development, bootstrap, responsive design, css, react, javascript. Strong in html, frontend development. Interested in Web Developer.",Web Developer
"Skilled in python, statistics, matplotlib, reporting, data analysis, sql, seaborn. Experience with python, statistics and practical project work. Seeking opportunities as a Data Analyst.",Data Analyst
"Computer science professional with experience in machine learning, feature engineering, data preprocessing, pytorch, nlp, scikit-learn, python. Strong in machine learning, feature engineering. Interested in Machine Learning Engineer.",Machine Learning Engineer
"Computer science professional with experience in nlp, computer vision, pytorch, deep learning, tensorflow, artificial intelligence, python. Strong in nlp, computer vision. Interested in AI Engineer.",AI Engineer
"Skilled in linux, azure, github actions, docker, devops, aws, kubernetes. Experience with linux, azure and practical project work. Seeking opportunities as a DevOps Engineer.",DevOps Engineer
"Technical profile covering backend development, rest api, node.js, mongodb, express, javascript. Worked on academic and personal projects involving backend development, rest api. Target role: Backend Developer.",Backend Developer
"Hands-on projects using replication, sql, postgresql, backup, database management, performance tuning. Comfortable with replication, sql. Strong problem solving and analytical skills.",Database Administrator
"Computer science professional with experience in deep learning, tensorflow, python, computer vision, neural networks, keras, model evaluation. Strong in deep learning, tensorflow. Interested in Machine Learning Engineer.",Machine Learning Engineer
"Computer science professional with experience in sql, business intelligence, requirements analysis, process mapping, reporting, excel. Strong in sql, business intelligence. Interested in Business Analyst.",Business Analyst
"Computer science professional with experience in terraform, ansible, ci/cd, cloud, linux, docker, jenkins. Strong in terraform, ansible. Interested in DevOps Engineer.",DevOps Engineer
"Computer science professional with experience in algorithms, object oriented programming, python, data structures, git, java. Strong in algorithms, object oriented programming. Interested in Software Developer.",Software Developer
"Computer science professional with experience in git, c++, software engineering, debugging, unit testing, java. Strong in git, c++. Interested in Software Developer.",Software Developer
"Hands-on projects using docker, aws, github actions, azure, linux, kubernetes, devops. Comfortable with docker, aws. Strong problem solving and analytical skills.",DevOps Engineer
"Technical profile covering mysql, indexing, sql, backup, query optimization, database administration. Worked on academic and personal projects involving mysql, indexing. Target role: Database Administrator.",Database Administrator
"Hands-on projects using stakeholder management, excel, business analysis, documentation, power bi, requirements gathering, sql. Comfortable with stakeholder management, excel. Strong problem solving and analytical skills.",Business Analyst
"Hands-on projects using process mapping, excel, business intelligence, requirements analysis, sql, reporting. Comfortable with process mapping, excel. Strong problem solving and analytical skills.",Business Analyst
"Hands-on projects using tableau, power bi, dashboards, data cleaning, sql, statistics, excel. Comfortable with tableau, power bi. Strong problem solving and analytical skills.",Data Analyst
"Skilled in wireframing, figma, ux design, user research, ui design, adobe xd, prototyping. Experience with wireframing, figma and practical project work. Seeking opportunities as a UI/UX Designer.",UI/UX Designer
"Technical profile covering docker, github actions, aws, devops, azure, kubernetes, linux. Worked on academic and personal projects involving docker, github actions. Target role: DevOps Engineer.",DevOps Engineer
"Skilled in numpy, data analysis, python, statistics, excel, data visualization, pandas, sql. Experience with numpy, data analysis and practical project work. Seeking opportunities as a Data Analyst.",Data Analyst
"Technical profile covering nlp, neural networks, python, machine learning, ai, pytorch. Worked on academic and personal projects involving nlp, neural networks. Target role: AI Engineer.",AI Engineer
"Hands-on projects using cloud architecture, linux, azure, terraform, aws, cloud computing, networking. Comfortable with cloud architecture, linux. Strong problem solving and analytical skills.",Cloud Engineer
"Computer science professional with experience in design systems, figma, user experience, prototypes, usability testing, wireframes. Strong in design systems, figma. Interested in UI/UX Designer.",UI/UX Designer
"Technical profile covering virtual machines, cloud networking, cloud architecture, docker, azure. Worked on academic and personal projects involving virtual machines, cloud networking. Target role: Cloud Engineer.",Cloud Engineer
"Technical profile covering database security, backup, oracle, recovery, database administration, sql, mysql. Worked on academic and personal projects involving database security, backup. Target role: Database Administrator.",Database Administrator
"Technical profile covering visual design, typography, user research, ui ux, figma, adobe xd. Worked on academic and personal projects involving visual design, typography. Target role: UI/UX Designer.",UI/UX Designer
"Technical profile covering adobe xd, figma, user research, ui ux, visual design, typography. Worked on academic and personal projects involving adobe xd, figma. Target role: UI/UX Designer.",UI/UX Designer
"Computer science professional with experience in reporting, sql, business intelligence, requirements analysis, process mapping, excel. Strong in reporting, sql. Interested in Business Analyst.",Business Analyst
"Computer science professional with experience in data cleaning, dashboards, excel, sql, power bi, tableau, statistics. Strong in data cleaning, dashboards. Interested in Data Analyst.",Data Analyst
"Skilled in scikit-learn, python, numpy, machine learning, classification, model training, pandas, regression. Experience with scikit-learn, python and practical project work. Seeking opportunities as a Machine Learning Engineer.",Machine Learning Engineer
"Hands-on projects using docker, cloud architecture, virtual machines, cloud networking, azure. Comfortable with docker, cloud architecture. Strong problem solving and analytical skills.",Cloud Engineer
"Hands-on projects using css, javascript, responsive design, html, frontend development, bootstrap, react. Comfortable with css, javascript. Strong problem solving and analytical skills.",Web Developer
"Hands-on projects using python, pytorch, data preprocessing, machine learning, nlp, scikit-learn, feature engineering. Comfortable with python, pytorch. Strong problem solving and analytical skills.",Machine Learning Engineer
"Skilled in matplotlib, statistics, reporting, sql, data analysis, python, seaborn. Experience with matplotlib, statistics and practical project work. Seeking opportunities as a Data Analyst.",Data Analyst
"Skilled in kubernetes, aws, github actions, azure, devops, docker, linux. Experience with kubernetes, aws and practical project work. Seeking opportunities as a DevOps Engineer.",DevOps Engineer
"Technical profile covering documentation, power bi, sql, business analysis, excel, stakeholder management, requirements gathering. Worked on academic and personal projects involving documentation, power bi. Target role: Business Analyst.",Business Analyst
"Hands-on projects using cryptography, threat detection, network security, incident response, siem, security. Comfortable with cryptography, threat detection. Strong problem solving and analytical skills.",Cybersecurity Analyst
"Technical profile covering react, frontend development, bootstrap, responsive design, css, html, javascript. Worked on academic and personal projects involving react, frontend development. Target role: Web Developer.",Web Developer
"Technical profile covering cloud, linux, jenkins, ansible, docker, terraform, ci/cd. Worked on academic and personal projects involving cloud, linux. Target role: DevOps Engineer.",DevOps Engineer
"Technical profile covering prototyping, adobe xd, figma, ui design, user research, wireframing, ux design. Worked on academic and personal projects involving prototyping, adobe xd. Target role: UI/UX Designer.",UI/UX Designer
"Skilled in user research, wireframing, ux design, figma, ui design, adobe xd, prototyping. Experience with user research, wireframing and practical project work. Seeking opportunities as a UI/UX Designer.",UI/UX Designer
"Hands-on projects using network security, cryptography, security, siem, threat detection, incident response. Comfortable with network security, cryptography. Strong problem solving and analytical skills.",Cybersecurity Analyst
"Technical profile covering django, python, rest api, postgresql, flask, backend development. Worked on academic and personal projects involving django, python. Target role: Backend Developer.",Backend Developer
"Computer science professional with experience in azure, cloud networking, virtual machines, docker, cloud architecture. Strong in azure, cloud networking. Interested in Cloud Engineer.",Cloud Engineer
"Computer science professional with experience in sql, power bi, data cleaning, excel, tableau, statistics, dashboards. Strong in sql, power bi. Interested in Data Analyst.",Data Analyst
"Computer science professional with experience in process mapping, excel, business intelligence, requirements analysis, reporting, sql. Strong in process mapping, excel. Interested in Business Analyst.",Business Analyst
"Computer science professional with experience in tensorflow, computer vision, deep learning, python, pytorch, nlp, artificial intelligence. Strong in tensorflow, computer vision. Interested in AI Engineer.",AI Engineer
"Skilled in data cleaning, dashboards, tableau, sql, statistics, power bi, excel. Experience with data cleaning, dashboards and practical project work. Seeking opportunities as a Data Analyst.",Data Analyst
"Skilled in cybersecurity, siem, network security, incident response, ethical hacking, firewall, linux. Experience with cybersecurity, siem and practical project work. Seeking opportunities as a Cybersecurity Analyst.",Cybersecurity Analyst
"Hands-on projects using s3, linux, cloud computing, aws, terraform, vpc, ec2. Comfortable with s3, linux. Strong problem solving and analytical skills.",Cloud Engineer
"Computer science professional with experience in responsive design, javascript, frontend development, react, css, html, bootstrap. Strong in responsive design, javascript. Interested in Web Developer.",Web Developer
"Computer science professional with experience in requirements analysis, sql, business intelligence, excel, reporting, process mapping. Strong in requirements analysis, sql. Interested in Business Analyst.",Business Analyst
"Computer science professional with experience in pytorch, nlp, scikit-learn, machine learning, python, feature engineering, data preprocessing. Strong in pytorch, nlp. Interested in Machine Learning Engineer.",Machine Learning Engineer
"Computer science professional with experience in devops, aws, azure, docker, github actions, linux, kubernetes. Strong in devops, aws. Interested in DevOps Engineer.",DevOps Engineer
"Computer science professional with experience in ci/cd, jenkins, linux, ansible, terraform, docker, cloud. Strong in ci/cd, jenkins. Interested in DevOps Engineer.",DevOps Engineer
"Technical profile covering aws, linux, devops, github actions, docker, kubernetes, azure. Worked on academic and personal projects involving aws, linux. Target role: DevOps Engineer.",DevOps Engineer
"Technical profile covering oop, c++, java, data structures, git, algorithms, software development. Worked on academic and personal projects involving oop, c++. Target role: Software Developer.",Software Developer
"Technical profile covering mysql, rest api, api development, java, hibernate, spring boot, backend development. Worked on academic and personal projects involving mysql, rest api. Target role: Backend Developer.",Backend Developer
"Hands-on projects using model training, regression, numpy, machine learning, python, scikit-learn, classification, pandas. Comfortable with model training, regression. Strong problem solving and analytical skills.",Machine Learning Engineer
"Technical profile covering python, algorithms, git, object oriented programming, data structures, java. Worked on academic and personal projects involving python, algorithms. Target role: Software Developer.",Software Developer
"Computer science professional with experience in requirements gathering, business analyst, power bi, data analysis, stakeholders, documentation. Strong in requirements gathering, business analyst. Interested in Business Analyst.",Business Analyst
"Technical profile covering deep learning, pytorch, transformers, nlp, generative ai, python. Worked on academic and personal projects involving deep learning, pytorch. Target role: AI Engineer.",AI Engineer
"Computer science professional with experience in tensorflow, model evaluation, deep learning, computer vision, keras, neural networks, python. Strong in tensorflow, model evaluation. Interested in Machine Learning Engineer.",Machine Learning Engineer
"Computer science professional with experience in ec2, linux, cloud computing, s3, vpc, aws, terraform. Strong in ec2, linux. Interested in Cloud Engineer.",Cloud Engineer
"Skilled in deep learning, nlp, pytorch, generative ai, python, transformers. Experience with deep learning, nlp and practical project work. Seeking opportunities as a AI Engineer.",AI Engineer
"Skilled in documentation, data analysis, requirements gathering, power bi, stakeholders, business analyst. Experience with documentation, data analysis and practical project work. Seeking opportunities as a Business Analyst.",Business Analyst
"Skilled in artificial intelligence, deep learning, tensorflow, pytorch, nlp, python, computer vision. Experience with artificial intelligence, deep learning and practical project work. Seeking opportunities as a AI Engineer.",AI Engineer
"Hands-on projects using pytorch, artificial intelligence, computer vision, nlp, python, deep learning, tensorflow. Comfortable with pytorch, artificial intelligence. Strong problem solving and analytical skills.",AI Engineer
"Technical profile covering aws, ec2, terraform, vpc, linux, cloud computing, s3. Worked on academic and personal projects involving aws, ec2. Target role: Cloud Engineer.",Cloud Engineer
